name,company,location,contrat
Centre d'appel Francophone Arabophone,,Casablanca,
Opératrice de production en cosmétique,,Casablanca,
ادخال البيانات في الحاسوب,,Rabat,CDI
Chargé de services clientèle à Casablanca,Umnia Bank,Casablanca,
Gestionnaire Réclamations,,Casablanca,
Ouvrier agroalimentaire à lissasfa,,Casablanca,Intérim
assistance humain,,Marrakech,CDI
Chargé(e) de Clientèle Avec Caisse - Taounat,,Maroc,
Vendeur sur rabat/salé,,Rabat,CDI
Chauffeur / livreur oulad saleh,,Bouskoura,
CONSEILLER COMMERCIAL,,Casablanca,
Chargés(e) de Clientèle Débutants(e) à Casablanca,,Casablanca,CDI
Besoin des vendeurs hommes sur rabat,,Rabat,
Magasinière pièce de rechange,,Casablanca,CDD
Technicienne en diagnostique automobile,,Casablanca,
Stagiaire en développement informatique,,Agadir,Stage
Stagiaire en logistique,,Casablanca,Stage
stagiaire secrétaire médicale,,Casablanca,Stage
Cherche stagiaire en qhse,,Casablanca,Stage
Stagiaire en Community manager,Co business-cob,Casablanca,Stage
Stagiaire commercial,,Casablanca,Stage
INTERN - PROGRAMME MANAGEMENT [Temporary],United Nations,Rabat,Intérim
Stagiaire en assurance qualité,,Casablanca,Stage
Stagiaire en comptabilite,,Rabat,Stage
Stagiaire aide pharmacienne,,Préfecture de Mohammédia,Stage
Stagiaire en développement de formule,,Casablanca,Stage
Stagiaire développement mobile RABAT,,Rabat,Stage
Administrative Assistant ANAPEC f/m,,Casablanca,Stage
Stagiaire commercial,H2M,Casablanca,Stage
Offre: Stagiaire qualité,,Bouskoura,Stage
Stagiaire ppr / genie civile casablanca,,Casablanca,Stage
Mastercard Summer Internship 2023 - Advisors,Mastercard,Maroc,Intérim
University Intern-Europe,,Rabat,Stage
Intern,Groupe Kering,Menara,Temps plein
Stagiaire en électronique,,Agadir,Stage
Commercial stagiaire ( stage pré embauche ),,Agadir,Intérim
Stagiaire en DevOps (H/F) - Rabat,,Rabat,Stage
Graal Cloud Native Intern,Oracle,Maroc,Stage
Stagiaire avec connaissance powerbi / logistique,,Bouskoura,Stage
Sales Intern- (French Speaker),,Casablanca,Stage
Stagiaire en comptabilite,fiduciaire dyouri,Rabat,Stage
Stagiaire en marketing (H/F),,Rabat,Stage
Stagiaire assistante,,Agadir,Stage
Commercial stagiaire,,Agadir,Stage
Technicien en génie civil stagiaire,Bureau d'études,Rabat,Stage
Gérant de ferme,,Maroc,CDI
Agent commercial rabat / kénitra,,Rabat,
Contrôle de gestion,,Agadir,CDI
Préleveuse laboratoire,,Rabat,
Traducteur-interprète chez Marisar Traduction F/H,,Rabat,CDI
Serveuse (f),,Casablanca,Intérim
2500 dhs prime de bienvenue - Conseillers franco-anglophones,,Marrakech,CDI
فرص عمل في دول الخليج,BEZAAT,Casablanca,
CONSEILLER COMMERCIAL,,Casablanca,
Chargé-e d’affaires - Fès-Meknès,,Fès,
Agent service clientèle,,Marrakech,Temps plein
Opérateurs de production,EFE-Maroc,Maroc,
Magasinier polyvalent,,Casablanca,CDI
Charge back office fret,,Casablanca,CDI
Opérateurs de câblage,EFE-Maroc,Maroc,
Chargé de clientèle (TANGER ZONE FRANCHE),,Tanger,CDI
Infirmière expérimentée à plein temps,,Casablanca,Intérim
Responsable production,,Salé,CDI
Caissier,,Rabat,CDI
CONSEILLER TECHNIQUE,,El Jadida,
Agent d'orientation,,Casablanca,
Agent Recouvrement,,Casablanca,
Préleveuse laboratoire,,Rabat,
Chargé(e) de Clientèle à Distance,,Maroc,CDI
Responsable showroom,,Casablanca,CDI
Magasinier saisonnier,,Préfecture de Mohammédia,Intérim
Chargé de services clientèle à Al Hoceima,Umnia Bank,Al Hoceïma,
Vendeur magasin,,Casablanca,
Chauffeur pour famille,,Casablanca,
Assistant juridique,,Casablanca,
Delegues medicaux et pharmaceutiques,,Casablanca,
Chargés(e) de Clientèle Arabophones,,Rabat,CDI
Opératrice de saisie / Opérateur de saisie,,Casablanca,CDD
فرص عمل في دول الخليج,BEZAAT,Casablanca,
Secrétaire médicale,,Rabat,
Assistant de direction,,Casablanca,
Chargé de clientèle (AGADIR),,Agadir,CDI
Chauffeur experimenter a rabat,,Fès,
Magasinière pièce de rechange,,Casablanca,CDD
Ingénieur-Casablanca,,Casablanca,
Conseiller commercial magasin,,Casablanca,CDI
Assistant marketing support (email marketing),,Tanger,CDI
Agent de vente,,Casablanca,
Magasinier (f),,Casablanca,CDI
Opérateur,,Tanger,
Vendeuse de patisserie,,Casablanca,
Assistant(e) / secrétaire de direction,,Salé,Intérim
Vendeuse a marina mall et tachefine mall,,Casablanca,CDI
Assistant Magasin,,Maroc,
Gestionnaire parc automobile,Multinationale automobile,Casablanca,
Vendeurs terrain a laayoune et agadir,,Laâyoune,
Un(e) caissier / caissière,,Agadir,
Stage remunerer,,Rabat,Intérim
Contrôleur de gestion,,Casablanca,
Opérateur - automobile,,Tanger,
Cours de soutien à domicile,,Marrakech,
Vendeur gros,,Casablanca,
Deck Clerk,,Tanger,Temps plein
Technicien de maintenance,,El Jadida,
Hôtesses de l'air et Stewards,Crit Maroc,Casablanca,CDI
Stagiaire en infographie,,Casablanca,Stage
Stagiaire réception,,Casablanca,Stage
Stage en Marketing Digital - Digital Marketing Internship,Howdy Code,Fès,Intérim
Stagiaire en marketing digital,BOA Services International,Casablanca,Stage
Stagiaire en marketing et communication,Société privée,Rabat,Stage
Offre: Stagiaire comptabilité,,Rabat,Stage
Stagiaire en développement web,,Préfecture de Mohammédia,Stage
Stagiaire // casablanca,,Casablanca,Stage
Architecte stagiaire,TASMIM ARCHITECTURE,Rabat,Stage
Offre: Planning process management stagiaire - planning departement - tanger,,Tanger,Stage
Stagiaire en qualite / gestion,,El Jadida,Stage
Offre: Performance management stagiaire - planning departement - tanger,,Tanger,Stage
Stagiaire-achat,houd,Marrakech,Stage
Offre: Stagiaire marketing,,Casablanca,Stage
Offre: Stagiaire,,Casablanca,Stage
Vendeur gros,,Casablanca,
Contrôle de la qualité de la ligne,,Tanger,CDI
Vendeur(se) en magasin de vêtements de luxe,,Rabat,Intérim
Administration des ventes et suivi import,,Casablanca,CDI
Opératrice de production en cosmétique,cosmetique,Casablanca,
Chargé(e) de marketing,,Casablanca,CDI
Infirmière,,Agadir,
GESTIONNAIRE DES OPÉRATIONS COMMERCIALES À L'INTERNATIONAL,,Casablanca,CDI
Vendeur magasin,,Casablanca,
Technicien de qualité,,Rabat,CDI
Besoin urgent de 50 hôtesse de l'air et steward,,Rabat,
Stage remunerer,,Rabat,Intérim
Chargé de clientèle Mohammadia,,Préfecture de Mohammédia,CDI
Réceptionniste,,Casablanca,CDD
Assistante de bureau,,Marrakech,
Responsable magasin,,Agadir,CDI
Livreur,,Rabat,
Chargé administratif / rabat,,Rabat,
Agent d'entretien,,Marrakech,CDI
Superviseur - marrakech,,Marrakech,CDI
Ingenieur -genie civile,,Casablanca,CDI
Opératrices de cablage,,Casablanca,Intérim
Agent de saisie des commandes,,Casablanca,
Coursier / livreur,,Casablanca,CDI
Assistant(e) RH à domicile,,Casablanca,
Chauffeur de direction motorisé,,Casablanca,CDI
Chauffeur / livreur,,Casablanca,CDI
منظفة في عيادة طبية,,Rabat,
Surveillante générale,,Casablanca,
Vendeuse para,,Casablanca,
Agent de contrôle marchandises,,Marrakech,
Chargé d’assistance,WAFA Assistance,Casablanca,
Gestionnaire de stocks,,Casablanca,CDI
Deck Clerk,,Tanger,Temps plein
Conseiller Commercial automobile,,Agadir,
Agent service clientèle,,Marrakech,Temps plein
Secrétaire médicale,,Rabat,
2500 dhs prime de bienvenue - Conseillers franco-anglophones,,Marrakech,CDI
Travail a temps partiel,,Casablanca,CDI
Chargé administratif / rabat,,Rabat,
Conducteur de Travaux (H/F),,Tanger,
CONSEILLER CLIENTELE ENTREPRISE-(H/F),,Agadir,CDI
Employee Relations Manager,,Tanger,
Technicienne de laboratoire,,Tanger,CDD
Caissière (f),,Agadir,
Agents de reservation,,Rabat,
Secrétaire d'école à laayoune,,Maroc,
Team manager de site pour rabat,,Rabat,CDI
Agent Mailer,Maremploi,Tanger,CDD
Centre d'appel recrute en masse :,RH-RECRUTE,Région de Casablanca-Settat,Temps partiel
Ingénieur-Casablanca,,Casablanca,
Chargé de Comptes ( Meknès),,Meknès,
"Operator I, Production, MAE",,Maroc,
Responsable showroom,,Casablanca,CDI
Gestionnaire parc automobile,Multinationale automobile,Casablanca,
CHAUFFEUR (SECTEUR DU LUXE),AZ LUXE,Rabat,CDI
ASSISTANT GÉRANT,Ansamble,Casablanca,
Agent logistique et gestion magasin,,Casablanca,
Chargé de clientèle ( sté de transfert d'argent),,Casablanca,
Assistant(e) RH à domicile,,Casablanca,
Développeur en php stagiaire,,Casablanca,Stage
stagiaire en webmarketing,,Rabat,Stage
Hospitality Operations (Internship Opportunity),Selina,Marrakech,Stage
Licence en littérature anglaise stagiaire,,Casablanca,Stage
Stagiaire de français maternelle et primaire,,Casablanca,Stage
Stagiaire en marketing & commercial,WAJDA,Bouskoura,Stage
Offre: Stagiaire recrutement it pfe,,Casablanca,Stage
Conseillère ou Conseiller en Gestion de Projets,,Maroc,Stage
Assistante de direction,EnergyforLife,Rabat,Intérim
Offre: Digital marketing internship,,Casablanca,Stage
Conseillère ou Conseiller en Suivi Financier,,Maroc,Stage
Aide éducatrice - stagiaire,,Casablanca,Stage
Offre: Architecte stagiaire,TASMIM ARCHITECTURE,Rabat,Stage
Stagiaire Téléphonie sur IP,IT Cube,Casablanca,CDI
Stagiaire comptable junior,,Casablanca,Stage
Stagiaire en servie d'études,,Casablanca,Stage
Stagiaire réceptionniste,LANGO ENGLISH,Casablanca,Stage
Stagiaire commerciale,Groupe HEITC,Rabat,Stage
Chargée de recrutement stagiaire ( h/f),Ad Quest,Kénitra,Stage
Internship for english teacher,Rl,Fès,Stage
Stagiaire archiviste,,Casablanca,Stage
Stagiaire en infographie,G3C,Casablanca,Stage
Stagiaire commerciale /non rémunéré,,Casablanca,Stage
un(e) stagiaire rh,,Casablanca,Stage
Stagiaire maintenance,,Région de Béni Mellal-Khénifra,Stage
Offre: Learning & development intern,,Casablanca,Stage
Stage PFE : Ingénieurs Systèmes et Réseaux (H/F),,Fès,Intérim
Stagiaire chef de projets,,Casablanca,Stage
Stage PFE : Ingénieur en Technologies de l'Information ( Pilotage et Contrôle ),,Rabat,Intérim
"Stagiaire pfe ""développeur web/mobile full-stack""",,Oujda,Stage
Stage en gestion,,Agadir,Intérim
Assistante de bureau,,Marrakech,
Agent de confirmation et de suivi des commandes,Quick Livraison,Casablanca,CDI
Délégué Pharmaceutique MARRAKECH,,Marrakech,CDI
مطلوب موظفات عن بعد,BEZAAT,Rabat,
Vendeur sur marrakech,,Marrakech,CDI
Commercial logement economique,,Marrakech,CDI
Des TÉLÉOPÉRATEURS Débutants EN URGENCE,,Rabat,CDI
Acheteur (euse),,Casablanca,CDI
Conseiller Commercial - Débutant,,Casablanca,
Assistante et saisie,,Casablanca,
Chargé de contrôle de gestion,,Casablanca,
Customer Service - English Speaking,Mercury Digital,Casablanca,
secrétaire débutante,,Marrakech,CDI
Agent contrôle qualité,,Kénitra,
Labo d’analyses sur marrakech recrute infirmière,,Marrakech,
Team manager de site pour rabat,,Rabat,CDI
Responsable qhse,,Bouskoura,CDI
Teachers english,,Maroc,
Agent logistique et gestion magasin,,Casablanca,
Chargé des relations socioprofessionnelles (Rabat),,Rabat,
Customer Service - English Speaking,Mercury Digital,Casablanca,
Agent de voyage,,Casablanca,CDI
opérateur de saisie,,Rabat,CDI
Téléconseillers arabophone,,Rabat,CDI
Auditeur (rice) interne junior,,Casablanca,CDI
Animatrice supermarché à agadir,,Agadir,
Assistant marketing support (email marketing),,Tanger,CDI
Salarie en marketing et communication,,Casablanca,CDI
Assistante et saisie,,Casablanca,
Offre: Human Ressources Internship - English | Tanger (Maroc),,Maroc,Stage
Aide comptable stagiaire,,Rabat,Stage
"Stage PFE : Développeur JEE, Dot Net, PHP , Cobol MVS (H/F)",,Rabat,Intérim
Comptable / stagiaire en comptabilité,,Marrakech,Stage
Stagiaire maîtraîsant nagios,,Rabat,Stage
STAGIAIRE AU CENTRE DE RELATION CLIENTS ET QUALITÉ À HERTZ MAROC (H/F) H/F,GBH,Casablanca,Stage
Stagiaire assistante,BREAKER MAROC,Tamesna,Stage
Offre: Informatique/gestion de base de données - stagiaire - tanger med ii,,Tanger,Stage
Développeur ERP H/F,,Casablanca,Stage
Stagiaire/alternant en business développement et partenariats,Super Auto Distribution,Rabat,Stage
Offre: Stagiaire commercial marketing (h/f),,Marrakech,Stage
Stagiaire chef de projets,,Casablanca,Stage
Offre: Assistante stagiaire,,Rabat,Stage
Stagiaire des affaires réglementaires,,Casablanca,Stage
Offre: Stagiaire digital (f/h),,Rabat,Stage
Chauffeur sur deroua,,Casablanca,
Planificateur de transport national,Maremploi,Tanger,CDI
Caissière (f),,Agadir,
Nounou - marrakech,,Marrakech,
Gérant de magasin (niveau national),,Casablanca,CDI
des hôtelleries,,Casablanca,CDI
Assistant polyvalent,,Sidi Kacem,
Surveillant (e) général,,Casablanca,CDI
Vendeuse pour magasin confection à menara mall,,Marrakech,
0pérateurs / trices de saisie,,Rabat,
Assistance administrative,,Casablanca,CDI
Controleuse de gestion,ANO,Casablanca,CDI
Responsable magasin,SUPERMAKET,Casablanca,
Superviseur magasin,,Casablanca,CDI
Responsable cours des soutien,,Casablanca,
Enseignement primaire et secondaire,,Casablanca,
Caissier fast food,,Casablanca,CDI
Remote Quay Crane Checkers,,Tanger,Temps plein
Directeur usine,,Casablanca,CDI
Gestionnaire centre de langues,,Kénitra,CDI
Gestionnaire parc automobile,Multinationale automobile,Casablanca,
Technicien en electricite et en electronique,,Casablanca,CDI
Chargé back office,,Casablanca,
Axa recrute des conseillers en assurance en CDI à hay riad et technopolis,,Rabat,CDI
TECHNICIEN DE MAINTENANCE HOTELIER,SWISS MAROC,Marrakech,
Hôtesse de caisse,,Marrakech,CDI
Besoin de personnel navigant de cabine pays du Gol,,Rabat,
Order Taker,,Casablanca,Temps plein
مساعد / مساعدة تجارية,,Casablanca,
Contrôle de la qualité de la ligne,,Tanger,CDI
Chauffeur de minibus,Africabus,Casablanca,CDI
Stagiaire pour la saisie des devis,,Casablanca,Intérim
Sales executives English speaking - Marrakesh,Domestic Care And Repair,Marrakech,
Modérateur / Modératrice,WB & C,Casablanca,Temps plein
Chargé de clientèle (TANGER ZONE FRANCHE),,Tanger,CDI
Caissier clinique,,Casablanca,
One Stop - Customer Service Assistant,,Salé,Temps partiel
Manager (h/f) - marrakech,,Marrakech,CDI
Kinésithérapeute à l'aéroport mohammed v,,Casablanca,
Logistique/achats,,Casablanca,
Opérateur de saisie en langue arabe.,Maremploi,Rabat,CDI
Préparatrice de commande,,Casablanca,
مركز الاتصال,,Marrakech,Intérim
Technicien en avicole,,Marrakech,
Commercial sur bureau de vente et en ligne,,Casablanca,
